DimensionId,Value,StatisticId
1,dimensional-value-0,1
2,dimensional-value-0,6
3,dimensional-value-8,7
4,dimensional-value-7,7
5,dimensional-value-6,7
6,dimensional-value-5,7
7,dimensional-value-4,7
8,dimensional-value-3,7
9,dimensional-value-2,7
10,dimensional-value-1,7
11,dimensional-value-0,7
12,dimensional-value-7,8
13,dimensional-value-6,8
14,dimensional-value-5,8
15,dimensional-value-4,8
16,dimensional-value-1,6
17,dimensional-value-3,8
18,dimensional-value-1,8
19,dimensional-value-0,8
20,dimensional-value-2,9
21,dimensional-value-1,9
22,dimensional-value-0,9
23,dimensional-value-6,10
24,dimensional-value-5,10
25,dimensional-value-4,10
26,dimensional-value-3,10
27,dimensional-value-2,10
28,dimensional-value-1,10
29,dimensional-value-0,10
30,dimensional-value-4,11
31,dimensional-value-3,11
32,dimensional-value-2,8
33,dimensional-value-2,6
34,dimensional-value-3,6
35,dimensional-value-4,6
36,dimensional-value-0,32
37,dimensional-value-4,31
38,dimensional-value-3,31
39,dimensional-value-2,31
40,dimensional-value-1,31
41,dimensional-value-0,31
42,dimensional-value-0,30
43,dimensional-value-4,29
44,dimensional-value-3,29
45,dimensional-value-2,29
46,dimensional-value-1,29
47,dimensional-value-0,29
48,dimensional-value-5,2
49,dimensional-value-4,2
50,dimensional-value-3,2
51,dimensional-value-2,2
52,dimensional-value-1,2
53,dimensional-value-0,5
54,dimensional-value-1,5
55,dimensional-value-2,5
56,dimensional-value-3,5
57,dimensional-value-0,4
58,dimensional-value-1,4
59,dimensional-value-2,11
60,dimensional-value-2,4
61,dimensional-value-4,4
62,dimensional-value-5,4
63,dimensional-value-6,4
64,dimensional-value-7,4
65,dimensional-value-8,4
66,dimensional-value-0,2
67,dimensional-value-3,4
68,dimensional-value-1,32
69,dimensional-value-1,11
70,dimensional-value-4,12
71,dimensional-value-2,20
72,dimensional-value-1,20
73,dimensional-value-0,20
74,dimensional-value-4,21
75,dimensional-value-3,21
76,dimensional-value-2,21
77,dimensional-value-1,21
78,dimensional-value-0,21
79,dimensional-value-4,22
80,dimensional-value-3,22
81,dimensional-value-2,22
82,dimensional-value-1,22
83,dimensional-value-0,22
84,dimensional-value-3,23
85,dimensional-value-3,20
86,dimensional-value-2,23
87,dimensional-value-0,23
88,dimensional-value-0,24
89,dimensional-value-1,26
90,dimensional-value-0,26
91,dimensional-value-7,28
92,dimensional-value-6,28
93,dimensional-value-5,28
94,dimensional-value-4,28
95,dimensional-value-3,28
96,dimensional-value-2,28
97,dimensional-value-1,28
98,dimensional-value-0,28
99,dimensional-value-3,46
100,dimensional-value-2,46
101,dimensional-value-1,23
102,dimensional-value-4,20
103,dimensional-value-5,20
104,dimensional-value-6,20
105,dimensional-value-3,12
106,dimensional-value-2,12
107,dimensional-value-1,12
108,dimensional-value-0,12
109,dimensional-value-7,13
110,dimensional-value-6,13
111,dimensional-value-5,13
112,dimensional-value-4,13
113,dimensional-value-3,13
114,dimensional-value-2,13
115,dimensional-value-1,13
116,dimensional-value-0,13
117,dimensional-value-0,15
118,dimensional-value-5,16
119,dimensional-value-4,16
120,dimensional-value-3,16
121,dimensional-value-2,16
122,dimensional-value-7,20
123,dimensional-value-0,19
124,dimensional-value-1,19
125,dimensional-value-0,18
126,dimensional-value-1,18
127,dimensional-value-2,18
128,dimensional-value-0,11
129,dimensional-value-3,18
130,dimensional-value-5,18
131,dimensional-value-6,18
132,dimensional-value-7,18
133,dimensional-value-0,17
134,dimensional-value-0,16
135,dimensional-value-1,16
136,dimensional-value-4,18
137,dimensional-value-0,60
138,dimensional-value-1,60
139,dimensional-value-2,60
140,dimensional-value-0,33
141,dimensional-value-0,34
142,dimensional-value-6,35
143,dimensional-value-5,35
144,dimensional-value-4,35
145,dimensional-value-3,35
146,dimensional-value-2,35
147,dimensional-value-1,35
148,dimensional-value-0,35
149,dimensional-value-5,36
150,dimensional-value-4,36
151,dimensional-value-3,36
152,dimensional-value-2,36
153,dimensional-value-1,36
154,dimensional-value-1,33
155,dimensional-value-0,36
156,dimensional-value-3,39
157,dimensional-value-2,39
158,dimensional-value-1,39
159,dimensional-value-0,39
160,dimensional-value-2,40
161,dimensional-value-1,40
162,dimensional-value-0,40
163,dimensional-value-2,41
164,dimensional-value-1,41
165,dimensional-value-0,41
166,dimensional-value-4,42
167,dimensional-value-3,42
168,dimensional-value-2,42
169,dimensional-value-1,42
170,dimensional-value-0,37
171,dimensional-value-2,33
172,dimensional-value-3,33
173,dimensional-value-4,33
174,dimensional-value-6,219
175,dimensional-value-5,219
176,dimensional-value-4,219
177,dimensional-value-3,219
178,dimensional-value-2,219
179,dimensional-value-1,219
180,dimensional-value-0,219
181,dimensional-value-7,128
182,dimensional-value-6,128
183,dimensional-value-5,128
184,dimensional-value-4,128
185,dimensional-value-3,128
186,dimensional-value-2,128
187,dimensional-value-1,128
188,dimensional-value-0,128
189,dimensional-value-8,126
190,dimensional-value-7,126
191,dimensional-value-0,94
192,dimensional-value-1,94
193,dimensional-value-2,94
194,dimensional-value-3,94
195,dimensional-value-4,94
196,dimensional-value-5,94
197,dimensional-value-0,42
198,dimensional-value-6,94
199,dimensional-value-1,126
200,dimensional-value-2,126
201,dimensional-value-3,126
202,dimensional-value-4,126
203,dimensional-value-5,126
204,dimensional-value-6,126
205,dimensional-value-0,126
206,dimensional-value-6,43
207,dimensional-value-5,43
208,dimensional-value-4,43
209,dimensional-value-1,54
210,dimensional-value-0,54
211,dimensional-value-5,55
212,dimensional-value-4,55
213,dimensional-value-3,55
214,dimensional-value-2,55
215,dimensional-value-1,55
216,dimensional-value-0,55
217,dimensional-value-6,56
218,dimensional-value-5,56
219,dimensional-value-4,56
220,dimensional-value-3,56
221,dimensional-value-2,56
222,dimensional-value-1,56
223,dimensional-value-0,56
224,dimensional-value-4,57
225,dimensional-value-3,57
226,dimensional-value-3,60
227,dimensional-value-0,59
228,dimensional-value-0,58
229,dimensional-value-1,58
230,dimensional-value-2,58
231,dimensional-value-3,58
232,dimensional-value-2,54
233,dimensional-value-4,58
234,dimensional-value-6,58
235,dimensional-value-7,58
236,dimensional-value-8,58
237,dimensional-value-0,57
238,dimensional-value-1,57
239,dimensional-value-2,57
240,dimensional-value-5,58
241,dimensional-value-1,46
242,dimensional-value-3,54
243,dimensional-value-1,53
244,dimensional-value-3,43
245,dimensional-value-2,43
246,dimensional-value-1,43
247,dimensional-value-0,43
248,dimensional-value-6,45
249,dimensional-value-5,45
250,dimensional-value-4,45
251,dimensional-value-3,45
252,dimensional-value-2,45
253,dimensional-value-1,45
254,dimensional-value-0,45
255,dimensional-value-3,47
256,dimensional-value-2,47
257,dimensional-value-1,47
258,dimensional-value-0,47
259,dimensional-value-4,48
260,dimensional-value-3,48
261,dimensional-value-2,53
262,dimensional-value-3,53
263,dimensional-value-0,52
264,dimensional-value-1,52
265,dimensional-value-2,52
266,dimensional-value-3,52
267,dimensional-value-0,53
268,dimensional-value-4,52
269,dimensional-value-0,50
270,dimensional-value-1,50
271,dimensional-value-2,50
272,dimensional-value-0,48
273,dimensional-value-1,48
274,dimensional-value-2,48
275,dimensional-value-0,51
276,dimensional-value-0,46
277,dimensional-value-0,63
278,dimensional-value-8,97
279,dimensional-value-5,67
280,dimensional-value-4,67
281,dimensional-value-3,67
282,dimensional-value-2,67
283,dimensional-value-1,67
284,dimensional-value-0,67
285,dimensional-value-7,68
286,dimensional-value-6,68
287,dimensional-value-5,68
288,dimensional-value-4,68
289,dimensional-value-3,68
290,dimensional-value-2,68
291,dimensional-value-1,68
292,dimensional-value-0,68
293,dimensional-value-6,67
294,dimensional-value-1,69
295,dimensional-value-0,71
296,dimensional-value-0,72
297,dimensional-value-6,73
298,dimensional-value-5,73
299,dimensional-value-4,73
300,dimensional-value-3,73
301,dimensional-value-2,73
302,dimensional-value-1,73
303,dimensional-value-0,73
304,dimensional-value-7,74
305,dimensional-value-6,74
306,dimensional-value-5,74
307,dimensional-value-4,74
308,dimensional-value-3,74
309,dimensional-value-0,69
310,dimensional-value-7,67
311,dimensional-value-8,67
312,dimensional-value-0,65
313,dimensional-value-3,96
314,dimensional-value-2,96
315,dimensional-value-1,96
316,dimensional-value-0,96
317,dimensional-value-6,110
318,dimensional-value-5,110
319,dimensional-value-4,110
320,dimensional-value-3,110
321,dimensional-value-2,110
322,dimensional-value-1,110
323,dimensional-value-0,110
324,dimensional-value-6,95
325,dimensional-value-5,95
326,dimensional-value-4,95
327,dimensional-value-3,95
328,dimensional-value-2,95
329,dimensional-value-1,95
330,dimensional-value-1,65
331,dimensional-value-2,65
332,dimensional-value-3,65
333,dimensional-value-4,65
334,dimensional-value-5,65
335,dimensional-value-6,65
336,dimensional-value-2,74
337,dimensional-value-0,78
338,dimensional-value-2,78
339,dimensional-value-3,78
340,dimensional-value-4,78
341,dimensional-value-5,78
342,dimensional-value-6,78
343,dimensional-value-0,95
344,dimensional-value-1,78
345,dimensional-value-1,74
346,dimensional-value-0,74
347,dimensional-value-6,75
348,dimensional-value-0,80
349,dimensional-value-5,81
350,dimensional-value-4,81
351,dimensional-value-3,81
352,dimensional-value-2,81
353,dimensional-value-1,81
354,dimensional-value-0,81
355,dimensional-value-4,82
356,dimensional-value-3,82
357,dimensional-value-2,82
358,dimensional-value-1,82
359,dimensional-value-0,82
360,dimensional-value-0,83
361,dimensional-value-1,84
362,dimensional-value-0,84
363,dimensional-value-4,85
364,dimensional-value-3,85
365,dimensional-value-3,89
366,dimensional-value-0,88
367,dimensional-value-0,87
368,dimensional-value-1,87
369,dimensional-value-2,87
370,dimensional-value-3,87
371,dimensional-value-1,80
372,dimensional-value-4,87
373,dimensional-value-6,87
374,dimensional-value-7,87
375,dimensional-value-8,87
376,dimensional-value-0,85
377,dimensional-value-1,85
378,dimensional-value-2,85
379,dimensional-value-5,87
380,dimensional-value-4,96
381,dimensional-value-2,80
382,dimensional-value-4,80
383,dimensional-value-5,75
384,dimensional-value-4,75
385,dimensional-value-3,75
386,dimensional-value-2,75
387,dimensional-value-1,75
388,dimensional-value-0,75
389,dimensional-value-8,76
390,dimensional-value-7,76
391,dimensional-value-6,76
392,dimensional-value-5,76
393,dimensional-value-4,76
394,dimensional-value-3,76
395,dimensional-value-2,76
396,dimensional-value-1,76
397,dimensional-value-0,76
398,dimensional-value-0,77
399,dimensional-value-5,79
400,dimensional-value-5,80
401,dimensional-value-6,80
402,dimensional-value-7,80
403,dimensional-value-8,80
404,dimensional-value-0,93
405,dimensional-value-1,93
406,dimensional-value-3,80
407,dimensional-value-2,93
408,dimensional-value-4,93
409,dimensional-value-0,79
410,dimensional-value-1,79
411,dimensional-value-2,79
412,dimensional-value-3,79
413,dimensional-value-4,79
414,dimensional-value-3,93
415,dimensional-value-7,219
416,dimensional-value-5,96
417,dimensional-value-7,96
418,dimensional-value-0,102
419,dimensional-value-5,103
420,dimensional-value-4,103
421,dimensional-value-3,103
422,dimensional-value-2,103
423,dimensional-value-1,103
424,dimensional-value-0,103
425,dimensional-value-8,104
426,dimensional-value-7,104
427,dimensional-value-6,104
428,dimensional-value-5,104
429,dimensional-value-4,104
430,dimensional-value-3,104
431,dimensional-value-2,104
432,dimensional-value-1,102
433,dimensional-value-1,104
434,dimensional-value-3,105
435,dimensional-value-2,105
436,dimensional-value-1,105
437,dimensional-value-0,105
438,dimensional-value-8,106
439,dimensional-value-7,106
440,dimensional-value-6,106
441,dimensional-value-5,106
442,dimensional-value-4,106
443,dimensional-value-3,106
444,dimensional-value-2,106
445,dimensional-value-1,106
446,dimensional-value-0,106
447,dimensional-value-0,107
448,dimensional-value-0,104
449,dimensional-value-2,102
450,dimensional-value-3,102
451,dimensional-value-0,101
452,dimensional-value-7,97
453,dimensional-value-6,97
454,dimensional-value-5,97
455,dimensional-value-4,97
456,dimensional-value-3,97
457,dimensional-value-2,97
458,dimensional-value-1,97
459,dimensional-value-0,97
460,dimensional-value-7,99
461,dimensional-value-6,99
462,dimensional-value-5,99
463,dimensional-value-4,99
464,dimensional-value-3,99
465,dimensional-value-2,99
466,dimensional-value-1,99
467,dimensional-value-0,99
468,dimensional-value-8,100
469,dimensional-value-1,101
470,dimensional-value-2,101
471,dimensional-value-3,101
472,dimensional-value-4,101
473,dimensional-value-5,101
474,dimensional-value-6,101
475,dimensional-value-2,108
476,dimensional-value-0,100
477,dimensional-value-2,100
478,dimensional-value-3,100
479,dimensional-value-4,100
480,dimensional-value-5,100
481,dimensional-value-6,100
482,dimensional-value-7,100
483,dimensional-value-1,100
484,dimensional-value-1,108
485,dimensional-value-0,108
486,dimensional-value-2,109
487,dimensional-value-0,116
488,dimensional-value-3,117
489,dimensional-value-2,117
490,dimensional-value-1,117
491,dimensional-value-0,117
492,dimensional-value-4,118
493,dimensional-value-3,118
494,dimensional-value-2,118
495,dimensional-value-1,118
496,dimensional-value-0,118
497,dimensional-value-3,119
498,dimensional-value-2,119
499,dimensional-value-1,119
500,dimensional-value-0,119
501,dimensional-value-7,120
502,dimensional-value-6,120
503,dimensional-value-5,120
504,dimensional-value-0,124
505,dimensional-value-0,122
506,dimensional-value-1,122
507,dimensional-value-2,122
508,dimensional-value-3,122
509,dimensional-value-4,122
510,dimensional-value-1,116
511,dimensional-value-5,122
512,dimensional-value-1,121
513,dimensional-value-0,120
514,dimensional-value-1,120
515,dimensional-value-2,120
516,dimensional-value-3,120
517,dimensional-value-4,120
518,dimensional-value-0,121
519,dimensional-value-6,96
520,dimensional-value-2,116
521,dimensional-value-4,116
522,dimensional-value-1,109
523,dimensional-value-0,109
524,dimensional-value-8,111
525,dimensional-value-7,111
526,dimensional-value-6,111
527,dimensional-value-5,111
528,dimensional-value-4,111
529,dimensional-value-3,111
530,dimensional-value-2,111
531,dimensional-value-1,111
532,dimensional-value-0,111
533,dimensional-value-0,125
534,dimensional-value-8,113
535,dimensional-value-7,113
536,dimensional-value-6,113
537,dimensional-value-5,113
538,dimensional-value-4,113
539,dimensional-value-5,116
540,dimensional-value-6,116
541,dimensional-value-0,115
542,dimensional-value-1,115
543,dimensional-value-2,115
544,dimensional-value-3,115
545,dimensional-value-3,116
546,dimensional-value-4,115
547,dimensional-value-6,115
548,dimensional-value-0,114
549,dimensional-value-0,113
550,dimensional-value-1,113
551,dimensional-value-2,113
552,dimensional-value-3,113
553,dimensional-value-5,115
554,dimensional-value-2,89
555,dimensional-value-8,219
556,dimensional-value-1,218
557,dimensional-value-5,140
558,dimensional-value-4,140
559,dimensional-value-3,140
560,dimensional-value-2,140
561,dimensional-value-1,140
562,dimensional-value-0,140
563,dimensional-value-7,141
564,dimensional-value-6,141
565,dimensional-value-5,141
566,dimensional-value-4,141
567,dimensional-value-3,141
568,dimensional-value-2,141
569,dimensional-value-1,141
570,dimensional-value-0,141
571,dimensional-value-0,139
572,dimensional-value-8,143
573,dimensional-value-6,143
574,dimensional-value-5,143
575,dimensional-value-4,143
576,dimensional-value-3,143
577,dimensional-value-2,143
578,dimensional-value-1,143
579,dimensional-value-0,143
580,dimensional-value-4,157
581,dimensional-value-3,157
582,dimensional-value-2,157
583,dimensional-value-1,157
584,dimensional-value-0,157
585,dimensional-value-1,145
586,dimensional-value-0,145
587,dimensional-value-7,143
588,dimensional-value-1,139
589,dimensional-value-2,139
590,dimensional-value-3,139
591,dimensional-value-2,159
592,dimensional-value-1,159
593,dimensional-value-0,159
594,dimensional-value-1,142
595,dimensional-value-0,142
596,dimensional-value-1,129
597,dimensional-value-0,129
598,dimensional-value-1,130
599,dimensional-value-0,130
600,dimensional-value-2,133
601,dimensional-value-1,133
602,dimensional-value-0,133
603,dimensional-value-8,134
604,dimensional-value-7,134
605,dimensional-value-6,134
606,dimensional-value-5,134
607,dimensional-value-4,134
608,dimensional-value-0,138
609,dimensional-value-1,138
610,dimensional-value-2,138
611,dimensional-value-3,138
612,dimensional-value-4,138
613,dimensional-value-5,138
614,dimensional-value-1,146
615,dimensional-value-6,138
616,dimensional-value-1,137
617,dimensional-value-0,135
618,dimensional-value-0,134
619,dimensional-value-1,134
620,dimensional-value-2,134
621,dimensional-value-3,134
622,dimensional-value-0,137
623,dimensional-value-3,159
624,dimensional-value-0,146
625,dimensional-value-6,148
626,dimensional-value-0,154
627,dimensional-value-7,155
628,dimensional-value-6,155
629,dimensional-value-5,155
630,dimensional-value-4,155
631,dimensional-value-3,155
632,dimensional-value-2,155
633,dimensional-value-1,155
634,dimensional-value-0,155
635,dimensional-value-3,156
636,dimensional-value-2,156
637,dimensional-value-1,156
638,dimensional-value-0,156
639,dimensional-value-8,191
640,dimensional-value-1,154
641,dimensional-value-7,191
642,dimensional-value-5,191
643,dimensional-value-4,191
644,dimensional-value-3,191
645,dimensional-value-2,191
646,dimensional-value-1,191
647,dimensional-value-0,191
648,dimensional-value-2,222
649,dimensional-value-1,222
650,dimensional-value-0,222
651,dimensional-value-6,225
652,dimensional-value-5,225
653,dimensional-value-4,225
654,dimensional-value-3,225
655,dimensional-value-2,225
656,dimensional-value-6,191
657,dimensional-value-2,154
658,dimensional-value-3,154
659,dimensional-value-4,154
660,dimensional-value-5,148
661,dimensional-value-4,148
662,dimensional-value-3,148
663,dimensional-value-2,148
664,dimensional-value-1,148
665,dimensional-value-0,148
666,dimensional-value-8,149
667,dimensional-value-7,149
668,dimensional-value-6,149
669,dimensional-value-5,149
670,dimensional-value-4,149
671,dimensional-value-3,149
672,dimensional-value-2,149
673,dimensional-value-1,149
674,dimensional-value-0,149
675,dimensional-value-7,151
676,dimensional-value-6,151
677,dimensional-value-5,154
678,dimensional-value-0,153
679,dimensional-value-1,153
680,dimensional-value-2,153
681,dimensional-value-0,152
682,dimensional-value-1,152
683,dimensional-value-7,148
684,dimensional-value-2,152
685,dimensional-value-0,151
686,dimensional-value-1,151
687,dimensional-value-2,151
688,dimensional-value-3,151
689,dimensional-value-4,151
690,dimensional-value-5,151
691,dimensional-value-3,152
692,dimensional-value-4,159
693,dimensional-value-0,174
694,dimensional-value-1,174
695,dimensional-value-4,165
696,dimensional-value-3,165
697,dimensional-value-2,165
698,dimensional-value-1,165
699,dimensional-value-0,165
700,dimensional-value-0,166
701,dimensional-value-1,168
702,dimensional-value-0,168
703,dimensional-value-8,169
704,dimensional-value-7,169
705,dimensional-value-6,169
706,dimensional-value-5,169
707,dimensional-value-4,169
708,dimensional-value-3,169
709,dimensional-value-5,165
710,dimensional-value-2,169
711,dimensional-value-0,169
712,dimensional-value-6,170
713,dimensional-value-5,170
714,dimensional-value-4,170
715,dimensional-value-3,170
716,dimensional-value-2,170
717,dimensional-value-1,170
718,dimensional-value-0,170
719,dimensional-value-7,171
720,dimensional-value-6,171
721,dimensional-value-5,171
722,dimensional-value-4,171
723,dimensional-value-3,171
724,dimensional-value-2,171
725,dimensional-value-1,169
726,dimensional-value-6,165
727,dimensional-value-7,165
728,dimensional-value-8,165
729,dimensional-value-5,382
730,dimensional-value-4,382
731,dimensional-value-3,382
732,dimensional-value-2,382
733,dimensional-value-1,382
734,dimensional-value-0,382
735,dimensional-value-5,161
736,dimensional-value-4,161
737,dimensional-value-3,161
738,dimensional-value-2,161
739,dimensional-value-1,161
740,dimensional-value-0,161
741,dimensional-value-6,162
742,dimensional-value-5,162
743,dimensional-value-4,162
744,dimensional-value-3,162
745,dimensional-value-2,162
746,dimensional-value-0,164
747,dimensional-value-1,164
748,dimensional-value-2,164
749,dimensional-value-3,164
750,dimensional-value-4,164
751,dimensional-value-5,164
752,dimensional-value-1,171
753,dimensional-value-0,163
754,dimensional-value-2,163
755,dimensional-value-3,163
756,dimensional-value-4,163
757,dimensional-value-5,163
758,dimensional-value-0,162
759,dimensional-value-1,162
760,dimensional-value-1,163
761,dimensional-value-0,171
762,dimensional-value-1,172
763,dimensional-value-0,172
764,dimensional-value-2,181
765,dimensional-value-1,181
766,dimensional-value-0,181
767,dimensional-value-1,182
768,dimensional-value-0,182
769,dimensional-value-5,183
770,dimensional-value-4,183
771,dimensional-value-3,183
772,dimensional-value-2,183
773,dimensional-value-1,183
774,dimensional-value-0,183
775,dimensional-value-1,184
776,dimensional-value-0,184
777,dimensional-value-7,185
778,dimensional-value-6,185
779,dimensional-value-5,185
780,dimensional-value-4,185
781,dimensional-value-0,188
782,dimensional-value-1,188
783,dimensional-value-2,188
784,dimensional-value-3,188
785,dimensional-value-4,188
786,dimensional-value-5,188
787,dimensional-value-3,181
788,dimensional-value-6,188
789,dimensional-value-0,187
790,dimensional-value-1,187
791,dimensional-value-0,185
792,dimensional-value-1,185
793,dimensional-value-2,185
794,dimensional-value-3,185
795,dimensional-value-7,188
796,dimensional-value-1,225
797,dimensional-value-4,181
798,dimensional-value-1,180
799,dimensional-value-7,173
800,dimensional-value-6,173
801,dimensional-value-5,173
802,dimensional-value-4,173
803,dimensional-value-3,173
804,dimensional-value-2,173
805,dimensional-value-1,173
806,dimensional-value-0,173
807,dimensional-value-6,175
808,dimensional-value-5,175
809,dimensional-value-4,175
810,dimensional-value-3,175
811,dimensional-value-2,175
812,dimensional-value-1,175
813,dimensional-value-0,175
814,dimensional-value-4,189
815,dimensional-value-3,189
816,dimensional-value-0,179
817,dimensional-value-0,178
818,dimensional-value-1,178
819,dimensional-value-0,177
820,dimensional-value-1,177
821,dimensional-value-2,177
822,dimensional-value-0,180
823,dimensional-value-3,177
824,dimensional-value-5,177
825,dimensional-value-6,177
826,dimensional-value-0,176
827,dimensional-value-0,189
828,dimensional-value-1,189
829,dimensional-value-2,189
830,dimensional-value-4,177
831,dimensional-value-0,225
832,dimensional-value-0,226
833,dimensional-value-0,227
834,dimensional-value-8,201
835,dimensional-value-7,201
836,dimensional-value-6,201
837,dimensional-value-5,201
838,dimensional-value-4,201
839,dimensional-value-3,201
840,dimensional-value-2,201
841,dimensional-value-1,201
842,dimensional-value-0,201
843,dimensional-value-5,202
844,dimensional-value-4,202
845,dimensional-value-3,202
846,dimensional-value-2,202
847,dimensional-value-1,202
848,dimensional-value-0,200
849,dimensional-value-0,202
850,dimensional-value-0,203
851,dimensional-value-8,204
852,dimensional-value-7,204
853,dimensional-value-6,204
854,dimensional-value-5,204
855,dimensional-value-4,204
856,dimensional-value-3,204
857,dimensional-value-2,204
858,dimensional-value-1,204
859,dimensional-value-0,204
860,dimensional-value-5,205
861,dimensional-value-4,205
862,dimensional-value-3,205
863,dimensional-value-2,205
864,dimensional-value-1,203
865,dimensional-value-1,200
866,dimensional-value-2,200
867,dimensional-value-3,200
868,dimensional-value-3,223
869,dimensional-value-2,223
870,dimensional-value-1,223
871,dimensional-value-0,223
872,dimensional-value-6,206
873,dimensional-value-5,206
874,dimensional-value-4,206
875,dimensional-value-3,206
876,dimensional-value-2,206
877,dimensional-value-1,206
878,dimensional-value-0,206
879,dimensional-value-4,193
880,dimensional-value-3,193
881,dimensional-value-2,193
882,dimensional-value-1,193
883,dimensional-value-0,193
884,dimensional-value-0,196
885,dimensional-value-4,200
886,dimensional-value-5,200
887,dimensional-value-6,200
888,dimensional-value-7,200
889,dimensional-value-8,200
890,dimensional-value-0,199
891,dimensional-value-1,205
892,dimensional-value-1,199
893,dimensional-value-1,198
894,dimensional-value-2,198
895,dimensional-value-3,198
896,dimensional-value-0,197
897,dimensional-value-1,197
898,dimensional-value-2,197
899,dimensional-value-0,198
900,dimensional-value-0,205
901,dimensional-value-3,207
902,dimensional-value-2,207
903,dimensional-value-0,213
904,dimensional-value-7,214
905,dimensional-value-6,214
906,dimensional-value-5,214
907,dimensional-value-4,214
908,dimensional-value-3,214
909,dimensional-value-2,214
910,dimensional-value-1,214
911,dimensional-value-0,214
912,dimensional-value-2,215
913,dimensional-value-1,215
914,dimensional-value-0,215
915,dimensional-value-6,216
916,dimensional-value-5,216
917,dimensional-value-4,216
918,dimensional-value-3,216
919,dimensional-value-2,216
920,dimensional-value-2,218
921,dimensional-value-3,218
922,dimensional-value-4,218
923,dimensional-value-5,218
924,dimensional-value-6,218
925,dimensional-value-7,218
926,dimensional-value-1,213
927,dimensional-value-8,218
928,dimensional-value-1,217
929,dimensional-value-2,217
930,dimensional-value-3,217
931,dimensional-value-4,217
932,dimensional-value-0,216
933,dimensional-value-1,216
934,dimensional-value-0,217
935,dimensional-value-4,223
936,dimensional-value-2,213
937,dimensional-value-4,213
938,dimensional-value-1,207
939,dimensional-value-0,207
940,dimensional-value-0,221
941,dimensional-value-1,208
942,dimensional-value-0,208
943,dimensional-value-2,209
944,dimensional-value-1,209
945,dimensional-value-0,209
946,dimensional-value-2,210
947,dimensional-value-1,210
948,dimensional-value-0,210
949,dimensional-value-7,211
950,dimensional-value-6,211
951,dimensional-value-5,211
952,dimensional-value-4,211
953,dimensional-value-3,211
954,dimensional-value-2,211
955,dimensional-value-5,213
956,dimensional-value-6,213
957,dimensional-value-7,213
958,dimensional-value-0,212
959,dimensional-value-1,212
960,dimensional-value-2,212
961,dimensional-value-3,213
962,dimensional-value-3,212
963,dimensional-value-5,212
964,dimensional-value-6,212
965,dimensional-value-7,212
966,dimensional-value-8,212
967,dimensional-value-0,211
968,dimensional-value-1,211
969,dimensional-value-4,212
970,dimensional-value-0,218
971,dimensional-value-5,223
972,dimensional-value-7,223
973,dimensional-value-8,235
974,dimensional-value-7,235
975,dimensional-value-6,235
976,dimensional-value-5,235
977,dimensional-value-4,235
978,dimensional-value-3,235
979,dimensional-value-2,235
980,dimensional-value-1,235
981,dimensional-value-0,235
982,dimensional-value-3,236
983,dimensional-value-2,236
984,dimensional-value-1,236
985,dimensional-value-0,236
986,dimensional-value-2,237
987,dimensional-value-0,234
988,dimensional-value-1,237
989,dimensional-value-8,253
990,dimensional-value-7,253
991,dimensional-value-6,253
992,dimensional-value-5,253
993,dimensional-value-4,253
994,dimensional-value-3,253
995,dimensional-value-2,253
996,dimensional-value-1,253
997,dimensional-value-0,253
998,dimensional-value-4,240
999,dimensional-value-3,240
1000,dimensional-value-2,240
1001,dimensional-value-1,240
1002,dimensional-value-0,240
1003,dimensional-value-0,237
1004,dimensional-value-1,234
1005,dimensional-value-2,234
1006,dimensional-value-3,234
1007,dimensional-value-8,228
1008,dimensional-value-7,228
1009,dimensional-value-6,228
1010,dimensional-value-5,228
1011,dimensional-value-4,228
1012,dimensional-value-3,228
1013,dimensional-value-2,228
1014,dimensional-value-1,228
1015,dimensional-value-0,228
1016,dimensional-value-3,229
1017,dimensional-value-2,229
1018,dimensional-value-1,229
1019,dimensional-value-0,229
1020,dimensional-value-4,230
1021,dimensional-value-3,230
1022,dimensional-value-2,230
1023,dimensional-value-1,230
1024,dimensional-value-4,234
1025,dimensional-value-0,233
1026,dimensional-value-1,233
1027,dimensional-value-2,233
1028,dimensional-value-3,233
1029,dimensional-value-4,233
1030,dimensional-value-1,241
1031,dimensional-value-5,233
1032,dimensional-value-7,233
1033,dimensional-value-0,232
1034,dimensional-value-0,231
1035,dimensional-value-1,231
1036,dimensional-value-2,231
1037,dimensional-value-0,230
1038,dimensional-value-6,233
1039,dimensional-value-0,241
1040,dimensional-value-4,242
1041,dimensional-value-3,242
1042,dimensional-value-6,250
1043,dimensional-value-5,250
1044,dimensional-value-4,250
1045,dimensional-value-3,250
1046,dimensional-value-2,250
1047,dimensional-value-1,250
1048,dimensional-value-0,250
1049,dimensional-value-8,251
1050,dimensional-value-7,251
1051,dimensional-value-6,251
1052,dimensional-value-5,251
1053,dimensional-value-4,251
1054,dimensional-value-3,251
1055,dimensional-value-2,251
1056,dimensional-value-1,251
1057,dimensional-value-0,251
1058,dimensional-value-1,252
1059,dimensional-value-8,223
1060,dimensional-value-0,238
1061,dimensional-value-1,238
1062,dimensional-value-2,238
1063,dimensional-value-3,238
1064,dimensional-value-4,238
1065,dimensional-value-7,250
1066,dimensional-value-5,238
1067,dimensional-value-1,224
1068,dimensional-value-2,224
1069,dimensional-value-3,224
1070,dimensional-value-4,224
1071,dimensional-value-5,224
1072,dimensional-value-0,252
1073,dimensional-value-0,224
1074,dimensional-value-6,223
1075,dimensional-value-8,250
1076,dimensional-value-1,248
1077,dimensional-value-2,242
1078,dimensional-value-1,242
1079,dimensional-value-0,242
1080,dimensional-value-1,243
1081,dimensional-value-0,243
1082,dimensional-value-0,244
1083,dimensional-value-7,245
1084,dimensional-value-6,245
1085,dimensional-value-5,245
1086,dimensional-value-4,245
1087,dimensional-value-3,245
1088,dimensional-value-2,245
1089,dimensional-value-1,245
1090,dimensional-value-0,245
1091,dimensional-value-8,246
1092,dimensional-value-7,246
1093,dimensional-value-6,246
1094,dimensional-value-2,248
1095,dimensional-value-3,248
1096,dimensional-value-4,248
1097,dimensional-value-5,248
1098,dimensional-value-0,247
1099,dimensional-value-1,247
1100,dimensional-value-0,248
1101,dimensional-value-2,247
1102,dimensional-value-0,246
1103,dimensional-value-1,246
1104,dimensional-value-2,246
1105,dimensional-value-3,246
1106,dimensional-value-4,246
1107,dimensional-value-5,246
1108,dimensional-value-3,247
1109,dimensional-value-0,510
1110,dimensional-value-1,89
1111,dimensional-value-7,90
1112,dimensional-value-2,316
1113,dimensional-value-1,316
1114,dimensional-value-0,316
1115,dimensional-value-7,288
1116,dimensional-value-6,288
1117,dimensional-value-5,288
1118,dimensional-value-4,288
1119,dimensional-value-3,288
1120,dimensional-value-2,288
1121,dimensional-value-1,288
1122,dimensional-value-0,288
1123,dimensional-value-7,302
1124,dimensional-value-6,302
1125,dimensional-value-5,302
1126,dimensional-value-3,316
1127,dimensional-value-4,302
1128,dimensional-value-2,302
1129,dimensional-value-1,302
1130,dimensional-value-0,302
1131,dimensional-value-3,287
1132,dimensional-value-2,287
1133,dimensional-value-1,287
1134,dimensional-value-0,287
1135,dimensional-value-4,270
1136,dimensional-value-3,270
1137,dimensional-value-2,270
1138,dimensional-value-1,270
1139,dimensional-value-0,270
1140,dimensional-value-4,257
1141,dimensional-value-3,257
1142,dimensional-value-3,302
1143,dimensional-value-4,316
1144,dimensional-value-5,316
1145,dimensional-value-6,316
1146,dimensional-value-0,307
1147,dimensional-value-7,308
1148,dimensional-value-6,308
1149,dimensional-value-5,308
1150,dimensional-value-4,308
1151,dimensional-value-3,308
1152,dimensional-value-2,308
1153,dimensional-value-1,308
1154,dimensional-value-0,308
1155,dimensional-value-1,309
1156,dimensional-value-0,309
1157,dimensional-value-2,310
1158,dimensional-value-1,310
1159,dimensional-value-0,310
1160,dimensional-value-1,311
1161,dimensional-value-0,311
1162,dimensional-value-1,312
1163,dimensional-value-7,316
1164,dimensional-value-0,314
1165,dimensional-value-1,314
1166,dimensional-value-2,314
1167,dimensional-value-3,314
1168,dimensional-value-4,314
1169,dimensional-value-2,257
1170,dimensional-value-5,314
1171,dimensional-value-0,313
1172,dimensional-value-1,313
1173,dimensional-value-2,313
1174,dimensional-value-3,313
1175,dimensional-value-4,313
1176,dimensional-value-0,312
1177,dimensional-value-6,314
1178,dimensional-value-1,307
1179,dimensional-value-1,257
1180,dimensional-value-0,258
1181,dimensional-value-1,271
1182,dimensional-value-0,271
1183,dimensional-value-1,285
1184,dimensional-value-0,285
1185,dimensional-value-3,273
1186,dimensional-value-2,273
1187,dimensional-value-1,273
1188,dimensional-value-0,273
1189,dimensional-value-1,274
1190,dimensional-value-0,274
1191,dimensional-value-2,275
1192,dimensional-value-1,275
1193,dimensional-value-0,275
1194,dimensional-value-5,276
1195,dimensional-value-2,271
1196,dimensional-value-4,276
1197,dimensional-value-2,276
1198,dimensional-value-1,276
1199,dimensional-value-0,276
1200,dimensional-value-0,277
1201,dimensional-value-8,278
1202,dimensional-value-7,278
1203,dimensional-value-6,278
1204,dimensional-value-5,278
1205,dimensional-value-4,278
1206,dimensional-value-3,278
1207,dimensional-value-2,278
1208,dimensional-value-1,278
1209,dimensional-value-0,278
1210,dimensional-value-3,279
1211,dimensional-value-3,276
1212,dimensional-value-3,271
1213,dimensional-value-0,268
1214,dimensional-value-1,268
1215,dimensional-value-3,259
1216,dimensional-value-2,259
1217,dimensional-value-1,259
1218,dimensional-value-0,259
1219,dimensional-value-6,260
1220,dimensional-value-5,260
1221,dimensional-value-4,260
1222,dimensional-value-3,260
1223,dimensional-value-2,260
1224,dimensional-value-1,260
1225,dimensional-value-0,260
1226,dimensional-value-3,261
1227,dimensional-value-2,261
1228,dimensional-value-1,261
1229,dimensional-value-0,261
1230,dimensional-value-7,262
1231,dimensional-value-6,262
1232,dimensional-value-2,268
1233,dimensional-value-3,268
1234,dimensional-value-4,268
1235,dimensional-value-0,267
1236,dimensional-value-1,267
1237,dimensional-value-2,267
1238,dimensional-value-0,257
1239,dimensional-value-3,267
1240,dimensional-value-0,262
1241,dimensional-value-1,262
1242,dimensional-value-2,262
1243,dimensional-value-3,262
1244,dimensional-value-4,262
1245,dimensional-value-5,262
1246,dimensional-value-0,263
1247,dimensional-value-2,307
1248,dimensional-value-3,307
1249,dimensional-value-4,307
1250,dimensional-value-4,472
1251,dimensional-value-3,472
1252,dimensional-value-2,472
1253,dimensional-value-1,472
1254,dimensional-value-0,472
1255,dimensional-value-2,473
1256,dimensional-value-1,473
1257,dimensional-value-0,473
1258,dimensional-value-5,474
1259,dimensional-value-4,474
1260,dimensional-value-3,474
1261,dimensional-value-2,474
1262,dimensional-value-1,474
1263,dimensional-value-0,474
1264,dimensional-value-5,472
1265,dimensional-value-2,475
1266,dimensional-value-0,475
1267,dimensional-value-0,476
1268,dimensional-value-7,384
1269,dimensional-value-6,384
1270,dimensional-value-5,384
1271,dimensional-value-4,384
1272,dimensional-value-3,384
1273,dimensional-value-2,384
1274,dimensional-value-1,384
1275,dimensional-value-0,384
1276,dimensional-value-1,446
1277,dimensional-value-0,446
1278,dimensional-value-5,383
1279,dimensional-value-4,383
1280,dimensional-value-1,475
1281,dimensional-value-0,471
1282,dimensional-value-0,470
1283,dimensional-value-1,470
1284,dimensional-value-4,466
1285,dimensional-value-3,466
1286,dimensional-value-2,466
1287,dimensional-value-1,466
1288,dimensional-value-0,466
1289,dimensional-value-7,467
1290,dimensional-value-6,467
1291,dimensional-value-5,467
1292,dimensional-value-4,467
1293,dimensional-value-3,467
1294,dimensional-value-2,467
1295,dimensional-value-1,467
1296,dimensional-value-0,467
1297,dimensional-value-7,468
1298,dimensional-value-6,468
1299,dimensional-value-5,468
1300,dimensional-value-4,468
1301,dimensional-value-2,470
1302,dimensional-value-3,470
1303,dimensional-value-4,470
1304,dimensional-value-5,470
1305,dimensional-value-0,469
1306,dimensional-value-1,469
1307,dimensional-value-3,383
1308,dimensional-value-2,469
1309,dimensional-value-4,469
1310,dimensional-value-5,469
1311,dimensional-value-0,468
1312,dimensional-value-1,468
1313,dimensional-value-2,468
1314,dimensional-value-3,468
1315,dimensional-value-3,469
1316,dimensional-value-2,383
1317,dimensional-value-1,383
1318,dimensional-value-0,383
1319,dimensional-value-1,298
1320,dimensional-value-0,298
1321,dimensional-value-2,299
1322,dimensional-value-1,299
1323,dimensional-value-0,299
1324,dimensional-value-5,300
1325,dimensional-value-4,300
1326,dimensional-value-3,300
1327,dimensional-value-2,300
1328,dimensional-value-1,300
1329,dimensional-value-0,300
1330,dimensional-value-0,301
1331,dimensional-value-2,317
1332,dimensional-value-1,317
1333,dimensional-value-0,317
1334,dimensional-value-2,304
1335,dimensional-value-1,304
1336,dimensional-value-5,307
1337,dimensional-value-6,307
1338,dimensional-value-0,306
1339,dimensional-value-1,306
1340,dimensional-value-2,306
1341,dimensional-value-3,306
1342,dimensional-value-2,298
1343,dimensional-value-4,306
1344,dimensional-value-1,305
1345,dimensional-value-2,305
1346,dimensional-value-3,305
1347,dimensional-value-4,305
1348,dimensional-value-5,305
1349,dimensional-value-0,304
1350,dimensional-value-0,305
1351,dimensional-value-2,279
1352,dimensional-value-3,298
1353,dimensional-value-5,298
1354,dimensional-value-2,318
1355,dimensional-value-1,318
1356,dimensional-value-0,318
1357,dimensional-value-7,290
1358,dimensional-value-6,290
1359,dimensional-value-5,290
1360,dimensional-value-4,290
1361,dimensional-value-3,290
1362,dimensional-value-2,290
1363,dimensional-value-1,290
1364,dimensional-value-0,290
1365,dimensional-value-0,291
1366,dimensional-value-1,292
1367,dimensional-value-0,292
1368,dimensional-value-3,293
1369,dimensional-value-2,293
1370,dimensional-value-1,293
1371,dimensional-value-6,298
1372,dimensional-value-0,297
1373,dimensional-value-1,297
1374,dimensional-value-2,297
1375,dimensional-value-3,297
1376,dimensional-value-4,297
1377,dimensional-value-4,298
1378,dimensional-value-0,295
1379,dimensional-value-1,294
1380,dimensional-value-2,294
1381,dimensional-value-3,294
1382,dimensional-value-4,294
1383,dimensional-value-5,294
1384,dimensional-value-0,293
1385,dimensional-value-0,294
1386,dimensional-value-1,279
1387,dimensional-value-0,279
1388,dimensional-value-0,280
1389,dimensional-value-6,330
1390,dimensional-value-5,330
1391,dimensional-value-4,330
1392,dimensional-value-3,330
1393,dimensional-value-2,330
1394,dimensional-value-1,330
1395,dimensional-value-0,330
1396,dimensional-value-4,331
1397,dimensional-value-3,331
1398,dimensional-value-2,331
1399,dimensional-value-1,331
1400,dimensional-value-0,331
1401,dimensional-value-7,332
1402,dimensional-value-6,332
1403,dimensional-value-0,329
1404,dimensional-value-5,332
1405,dimensional-value-3,332
1406,dimensional-value-2,332
1407,dimensional-value-1,332
1408,dimensional-value-0,332
1409,dimensional-value-0,333
1410,dimensional-value-7,335
1411,dimensional-value-6,335
1412,dimensional-value-5,335
1413,dimensional-value-4,335
1414,dimensional-value-3,335
1415,dimensional-value-2,335
1416,dimensional-value-1,335
1417,dimensional-value-0,335
1418,dimensional-value-5,349
1419,dimensional-value-4,332
1420,dimensional-value-1,329
1421,dimensional-value-2,329
1422,dimensional-value-0,327
1423,dimensional-value-4,352
1424,dimensional-value-3,352
1425,dimensional-value-2,352
1426,dimensional-value-1,352
1427,dimensional-value-0,352
1428,dimensional-value-2,366
1429,dimensional-value-1,366
1430,dimensional-value-0,366
1431,dimensional-value-2,351
1432,dimensional-value-1,351
1433,dimensional-value-0,351
1434,dimensional-value-1,334
1435,dimensional-value-0,334
1436,dimensional-value-1,321
1437,dimensional-value-0,321
1438,dimensional-value-6,322
1439,dimensional-value-5,322
1440,dimensional-value-0,326
1441,dimensional-value-1,326
1442,dimensional-value-2,326
1443,dimensional-value-0,324
1444,dimensional-value-1,324
1445,dimensional-value-2,324
1446,dimensional-value-4,349
1447,dimensional-value-3,324
1448,dimensional-value-5,324
1449,dimensional-value-0,322
1450,dimensional-value-1,322
1451,dimensional-value-2,322
1452,dimensional-value-3,322
1453,dimensional-value-4,322
1454,dimensional-value-4,324
1455,dimensional-value-3,349
1456,dimensional-value-2,349
1457,dimensional-value-1,349
1458,dimensional-value-5,343
1459,dimensional-value-4,343
1460,dimensional-value-3,343
1461,dimensional-value-2,343
1462,dimensional-value-1,343
1463,dimensional-value-0,343
1464,dimensional-value-4,345
1465,dimensional-value-3,345
1466,dimensional-value-2,345
1467,dimensional-value-1,345
1468,dimensional-value-0,345
1469,dimensional-value-7,346
1470,dimensional-value-6,346
1471,dimensional-value-5,346
1472,dimensional-value-4,346
1473,dimensional-value-3,346
1474,dimensional-value-2,346
1475,dimensional-value-0,348
1476,dimensional-value-1,348
1477,dimensional-value-2,348
1478,dimensional-value-3,348
1479,dimensional-value-4,348
1480,dimensional-value-5,348
1481,dimensional-value-6,343
1482,dimensional-value-0,347
1483,dimensional-value-2,347
1484,dimensional-value-3,347
1485,dimensional-value-4,347
1486,dimensional-value-5,347
1487,dimensional-value-0,346
1488,dimensional-value-1,346
1489,dimensional-value-1,347
1490,dimensional-value-5,352
1491,dimensional-value-7,343
1492,dimensional-value-0,342
1493,dimensional-value-0,349
1494,dimensional-value-6,336
1495,dimensional-value-5,336
1496,dimensional-value-4,336
1497,dimensional-value-3,336
1498,dimensional-value-2,336
1499,dimensional-value-1,336
1500,dimensional-value-0,336
1501,dimensional-value-0,337
1502,dimensional-value-6,339
1503,dimensional-value-5,339
1504,dimensional-value-4,339
1505,dimensional-value-3,339
1506,dimensional-value-2,339
1507,dimensional-value-1,339
1508,dimensional-value-0,339
1509,dimensional-value-8,340
1510,dimensional-value-1,342
1511,dimensional-value-2,342
1512,dimensional-value-3,342
1513,dimensional-value-4,342
1514,dimensional-value-0,341
1515,dimensional-value-1,341
1516,dimensional-value-8,343
1517,dimensional-value-0,340
1518,dimensional-value-2,340
1519,dimensional-value-3,340
1520,dimensional-value-4,340
1521,dimensional-value-5,340
1522,dimensional-value-6,340
1523,dimensional-value-7,340
1524,dimensional-value-1,340
1525,dimensional-value-5,466
1526,dimensional-value-6,352
1527,dimensional-value-0,380
1528,dimensional-value-1,355
1529,dimensional-value-0,355
1530,dimensional-value-2,356
1531,dimensional-value-1,356
1532,dimensional-value-0,356
1533,dimensional-value-0,357
1534,dimensional-value-7,358
1535,dimensional-value-6,358
1536,dimensional-value-5,358
1537,dimensional-value-4,358
1538,dimensional-value-3,358
1539,dimensional-value-2,358
1540,dimensional-value-1,358
1541,dimensional-value-0,358
1542,dimensional-value-2,355
1543,dimensional-value-4,359
1544,dimensional-value-2,359
1545,dimensional-value-1,359
1546,dimensional-value-0,359
1547,dimensional-value-4,360
1548,dimensional-value-3,360
1549,dimensional-value-2,360
1550,dimensional-value-1,360
1551,dimensional-value-0,360
1552,dimensional-value-4,361
1553,dimensional-value-3,361
1554,dimensional-value-2,361
1555,dimensional-value-1,361
1556,dimensional-value-0,361
1557,dimensional-value-7,363
1558,dimensional-value-3,359
1559,dimensional-value-0,354
1560,dimensional-value-1,354
1561,dimensional-value-2,354
1562,dimensional-value-6,281
1563,dimensional-value-5,281
1564,dimensional-value-4,281
1565,dimensional-value-3,281
1566,dimensional-value-2,281
1567,dimensional-value-1,281
1568,dimensional-value-0,281
1569,dimensional-value-1,282
1570,dimensional-value-0,282
1571,dimensional-value-4,319
1572,dimensional-value-3,319
1573,dimensional-value-2,319
1574,dimensional-value-1,319
1575,dimensional-value-0,319
1576,dimensional-value-7,320
1577,dimensional-value-6,320
1578,dimensional-value-5,320
1579,dimensional-value-3,354
1580,dimensional-value-4,354
1581,dimensional-value-0,353
1582,dimensional-value-1,353
1583,dimensional-value-2,353
1584,dimensional-value-3,353
1585,dimensional-value-6,363
1586,dimensional-value-4,353
1587,dimensional-value-6,353
1588,dimensional-value-0,320
1589,dimensional-value-1,320
1590,dimensional-value-2,320
1591,dimensional-value-3,320
1592,dimensional-value-4,320
1593,dimensional-value-5,353
1594,dimensional-value-5,363
1595,dimensional-value-4,363
1596,dimensional-value-3,363
1597,dimensional-value-4,373
1598,dimensional-value-3,373
1599,dimensional-value-2,373
1600,dimensional-value-1,373
1601,dimensional-value-0,373
1602,dimensional-value-3,374
1603,dimensional-value-2,374
1604,dimensional-value-1,374
1605,dimensional-value-0,374
1606,dimensional-value-0,375
1607,dimensional-value-2,376
1608,dimensional-value-1,376
1609,dimensional-value-0,376
1610,dimensional-value-0,377
1611,dimensional-value-7,378
1612,dimensional-value-6,378
1613,dimensional-value-5,378
1614,dimensional-value-1,380
1615,dimensional-value-2,380
1616,dimensional-value-0,379
1617,dimensional-value-1,379
1618,dimensional-value-2,379
1619,dimensional-value-3,379
1620,dimensional-value-0,372
1621,dimensional-value-4,379
1622,dimensional-value-6,379
1623,dimensional-value-0,378
1624,dimensional-value-1,378
1625,dimensional-value-2,378
1626,dimensional-value-3,378
1627,dimensional-value-4,378
1628,dimensional-value-5,379
1629,dimensional-value-7,352
1630,dimensional-value-1,372
1631,dimensional-value-3,372
1632,dimensional-value-2,363
1633,dimensional-value-1,363
1634,dimensional-value-0,363
1635,dimensional-value-5,365
1636,dimensional-value-4,365
1637,dimensional-value-3,365
1638,dimensional-value-2,365
1639,dimensional-value-1,365
1640,dimensional-value-0,365
1641,dimensional-value-5,367
1642,dimensional-value-4,367
1643,dimensional-value-3,367
1644,dimensional-value-2,367
1645,dimensional-value-1,367
1646,dimensional-value-0,367
1647,dimensional-value-3,381
1648,dimensional-value-2,381
1649,dimensional-value-4,372
1650,dimensional-value-0,371
1651,dimensional-value-0,370
1652,dimensional-value-1,370
1653,dimensional-value-2,370
1654,dimensional-value-3,370
1655,dimensional-value-2,372
1656,dimensional-value-4,370
1657,dimensional-value-6,370
1658,dimensional-value-7,370
1659,dimensional-value-0,369
1660,dimensional-value-1,369
1661,dimensional-value-0,381
1662,dimensional-value-1,381
1663,dimensional-value-5,370
1664,dimensional-value-0,89
1665,dimensional-value-6,466
1666,dimensional-value-8,466
1667,dimensional-value-3,444
1668,dimensional-value-2,444
1669,dimensional-value-1,444
1670,dimensional-value-0,444
1671,dimensional-value-1,416
1672,dimensional-value-0,416
1673,dimensional-value-8,430
1674,dimensional-value-7,430
1675,dimensional-value-6,430
1676,dimensional-value-5,430
1677,dimensional-value-4,430
1678,dimensional-value-3,430
1679,dimensional-value-2,430
1680,dimensional-value-1,430
1681,dimensional-value-4,444
1682,dimensional-value-0,430
1683,dimensional-value-2,415
1684,dimensional-value-1,415
1685,dimensional-value-0,415
1686,dimensional-value-6,398
1687,dimensional-value-5,398
1688,dimensional-value-4,398
1689,dimensional-value-3,398
1690,dimensional-value-2,398
1691,dimensional-value-1,398
1692,dimensional-value-0,398
1693,dimensional-value-0,385
1694,dimensional-value-4,387
1695,dimensional-value-3,387
1696,dimensional-value-2,387
1697,dimensional-value-3,415
1698,dimensional-value-0,443
1699,dimensional-value-1,443
1700,dimensional-value-2,443
1701,dimensional-value-2,437
1702,dimensional-value-1,437
1703,dimensional-value-0,437
1704,dimensional-value-4,438
1705,dimensional-value-3,438
1706,dimensional-value-2,438
1707,dimensional-value-1,438
1708,dimensional-value-0,438
1709,dimensional-value-1,439
1710,dimensional-value-0,439
1711,dimensional-value-6,440
1712,dimensional-value-5,440
1713,dimensional-value-4,440
1714,dimensional-value-3,440
1715,dimensional-value-2,440
1716,dimensional-value-1,440
1717,dimensional-value-0,440
1718,dimensional-value-3,443
1719,dimensional-value-4,443
1720,dimensional-value-5,443
1721,dimensional-value-6,443
1722,dimensional-value-7,443
1723,dimensional-value-0,442
1724,dimensional-value-1,387
1725,dimensional-value-1,442
1726,dimensional-value-3,442
1727,dimensional-value-4,442
1728,dimensional-value-5,442
1729,dimensional-value-6,442
1730,dimensional-value-0,441
1731,dimensional-value-1,441
1732,dimensional-value-2,442
1733,dimensional-value-3,437
1734,dimensional-value-0,387
1735,dimensional-value-5,389
1736,dimensional-value-1,395
1737,dimensional-value-0,395
1738,dimensional-value-1,396
1739,dimensional-value-0,396
1740,dimensional-value-7,397
1741,dimensional-value-6,397
1742,dimensional-value-5,397
1743,dimensional-value-4,397
1744,dimensional-value-3,397
1745,dimensional-value-2,397
1746,dimensional-value-1,397
1747,dimensional-value-0,397
1748,dimensional-value-5,399
1749,dimensional-value-4,399
1750,dimensional-value-0,394
1751,dimensional-value-3,399
1752,dimensional-value-1,399
1753,dimensional-value-0,399
1754,dimensional-value-0,413
1755,dimensional-value-5,400
1756,dimensional-value-4,400
1757,dimensional-value-3,400
1758,dimensional-value-2,400
1759,dimensional-value-1,400
1760,dimensional-value-0,400
1761,dimensional-value-1,402
1762,dimensional-value-0,402
1763,dimensional-value-8,403
1764,dimensional-value-7,403
1765,dimensional-value-6,403
1766,dimensional-value-2,399
1767,dimensional-value-1,394
1768,dimensional-value-2,394
1769,dimensional-value-3,394
1770,dimensional-value-4,389
1771,dimensional-value-3,389
1772,dimensional-value-2,389
1773,dimensional-value-1,389
1774,dimensional-value-0,389
1775,dimensional-value-7,390
1776,dimensional-value-6,390
1777,dimensional-value-5,390
1778,dimensional-value-4,390
1779,dimensional-value-3,390
1780,dimensional-value-2,390
1781,dimensional-value-1,390
1782,dimensional-value-0,390
1783,dimensional-value-4,391
1784,dimensional-value-3,391
1785,dimensional-value-2,391
1786,dimensional-value-1,391
1787,dimensional-value-4,394
1788,dimensional-value-5,394
1789,dimensional-value-0,393
1790,dimensional-value-1,393
1791,dimensional-value-0,392
1792,dimensional-value-1,392
1793,dimensional-value-6,389
1794,dimensional-value-2,392
1795,dimensional-value-4,392
1796,dimensional-value-5,392
1797,dimensional-value-6,392
1798,dimensional-value-7,392
1799,dimensional-value-8,392
1800,dimensional-value-0,391
1801,dimensional-value-3,392
1802,dimensional-value-4,437
1803,dimensional-value-5,437
1804,dimensional-value-6,437
1805,dimensional-value-6,421
1806,dimensional-value-5,421
1807,dimensional-value-4,421
1808,dimensional-value-3,421
1809,dimensional-value-2,421
1810,dimensional-value-1,421
1811,dimensional-value-0,421
1812,dimensional-value-7,422
1813,dimensional-value-6,422
1814,dimensional-value-5,422
1815,dimensional-value-4,422
1816,dimensional-value-3,422
1817,dimensional-value-2,422
1818,dimensional-value-1,422
1819,dimensional-value-0,420
1820,dimensional-value-0,422
1821,dimensional-value-4,423
1822,dimensional-value-3,423
1823,dimensional-value-2,423
1824,dimensional-value-1,423
1825,dimensional-value-0,423
1826,dimensional-value-6,424
1827,dimensional-value-5,424
1828,dimensional-value-4,424
1829,dimensional-value-3,424
1830,dimensional-value-2,424
1831,dimensional-value-1,424
1832,dimensional-value-0,424
1833,dimensional-value-7,425
1834,dimensional-value-6,425
1835,dimensional-value-5,423
1836,dimensional-value-1,420
1837,dimensional-value-2,420
1838,dimensional-value-3,420
1839,dimensional-value-6,90
1840,dimensional-value-5,90
1841,dimensional-value-4,90
1842,dimensional-value-3,90
1843,dimensional-value-2,90
1844,dimensional-value-1,90
1845,dimensional-value-0,90
1846,dimensional-value-0,91
1847,dimensional-value-3,92
1848,dimensional-value-2,92
1849,dimensional-value-1,92
1850,dimensional-value-0,92
1851,dimensional-value-6,190
1852,dimensional-value-5,190
1853,dimensional-value-4,190
1854,dimensional-value-3,190
1855,dimensional-value-2,190
1856,dimensional-value-0,419
1857,dimensional-value-1,419
1858,dimensional-value-0,418
1859,dimensional-value-1,418
1860,dimensional-value-2,418
1861,dimensional-value-3,418
1862,dimensional-value-5,425
1863,dimensional-value-4,418
1864,dimensional-value-6,418
1865,dimensional-value-0,256
1866,dimensional-value-1,256
1867,dimensional-value-0,254
1868,dimensional-value-0,190
1869,dimensional-value-1,190
1870,dimensional-value-5,418
1871,dimensional-value-4,425
1872,dimensional-value-3,425
1873,dimensional-value-2,425
1874,dimensional-value-3,431
1875,dimensional-value-2,431
1876,dimensional-value-1,431
1877,dimensional-value-0,431
1878,dimensional-value-5,432
1879,dimensional-value-4,432
1880,dimensional-value-3,432
1881,dimensional-value-2,432
1882,dimensional-value-1,432
1883,dimensional-value-0,432
1884,dimensional-value-4,433
1885,dimensional-value-3,433
1886,dimensional-value-2,433
1887,dimensional-value-1,433
1888,dimensional-value-0,433
1889,dimensional-value-4,434
1890,dimensional-value-3,434
1891,dimensional-value-0,436
1892,dimensional-value-1,436
1893,dimensional-value-2,436
1894,dimensional-value-3,436
1895,dimensional-value-4,436
1896,dimensional-value-5,436
1897,dimensional-value-4,431
1898,dimensional-value-0,435
1899,dimensional-value-2,435
1900,dimensional-value-3,435
1901,dimensional-value-4,435
1902,dimensional-value-0,434
1903,dimensional-value-1,434
1904,dimensional-value-2,434
1905,dimensional-value-1,435
1906,dimensional-value-5,403
1907,dimensional-value-5,431
1908,dimensional-value-7,431
1909,dimensional-value-1,425
1910,dimensional-value-0,425
1911,dimensional-value-8,426
1912,dimensional-value-7,426
1913,dimensional-value-6,426
1914,dimensional-value-5,426
1915,dimensional-value-4,426
1916,dimensional-value-3,426
1917,dimensional-value-2,426
1918,dimensional-value-1,426
1919,dimensional-value-0,426
1920,dimensional-value-8,427
1921,dimensional-value-7,427
1922,dimensional-value-6,427
1923,dimensional-value-5,427
1924,dimensional-value-4,427
1925,dimensional-value-3,427
1926,dimensional-value-8,431
1927,dimensional-value-0,429
1928,dimensional-value-1,429
1929,dimensional-value-2,429
1930,dimensional-value-3,429
1931,dimensional-value-4,429
1932,dimensional-value-6,431
1933,dimensional-value-5,429
1934,dimensional-value-0,428
1935,dimensional-value-1,428
1936,dimensional-value-2,428
1937,dimensional-value-0,427
1938,dimensional-value-1,427
1939,dimensional-value-2,427
1940,dimensional-value-6,429
1941,dimensional-value-4,403
1942,dimensional-value-3,403
1943,dimensional-value-2,403
1944,dimensional-value-4,480
1945,dimensional-value-3,480
1946,dimensional-value-2,480
1947,dimensional-value-1,480
1948,dimensional-value-0,480
1949,dimensional-value-7,494
1950,dimensional-value-6,494
1951,dimensional-value-5,494
1952,dimensional-value-4,494
1953,dimensional-value-3,494
1954,dimensional-value-2,494
1955,dimensional-value-1,494
1956,dimensional-value-0,494
1957,dimensional-value-4,479
1958,dimensional-value-5,480
1959,dimensional-value-3,479
1960,dimensional-value-1,479
1961,dimensional-value-0,479
1962,dimensional-value-6,462
1963,dimensional-value-5,462
1964,dimensional-value-4,462
1965,dimensional-value-3,462
1966,dimensional-value-2,462
1967,dimensional-value-1,462
1968,dimensional-value-0,462
1969,dimensional-value-0,449
1970,dimensional-value-1,450
1971,dimensional-value-0,450
1972,dimensional-value-2,451
1973,dimensional-value-1,451
1974,dimensional-value-2,479
1975,dimensional-value-6,480
1976,dimensional-value-0,508
1977,dimensional-value-1,508
1978,dimensional-value-8,503
1979,dimensional-value-7,503
1980,dimensional-value-6,503
1981,dimensional-value-5,503
1982,dimensional-value-4,503
1983,dimensional-value-3,503
1984,dimensional-value-2,503
1985,dimensional-value-1,503
1986,dimensional-value-0,503
1987,dimensional-value-2,504
1988,dimensional-value-1,504
1989,dimensional-value-0,504
1990,dimensional-value-1,505
1991,dimensional-value-0,505
1992,dimensional-value-8,506
1993,dimensional-value-7,506
1994,dimensional-value-6,506
1995,dimensional-value-2,508
1996,dimensional-value-3,508
1997,dimensional-value-4,508
1998,dimensional-value-5,508
1999,dimensional-value-6,508
2000,dimensional-value-7,508
2001,dimensional-value-0,451
2002,dimensional-value-8,508
2003,dimensional-value-0,506
2004,dimensional-value-1,506
2005,dimensional-value-2,506
2006,dimensional-value-3,506
2007,dimensional-value-4,506
2008,dimensional-value-5,506
2009,dimensional-value-0,507
2010,dimensional-value-0,452
2011,dimensional-value-6,453
2012,dimensional-value-5,453
2013,dimensional-value-4,460
2014,dimensional-value-3,460
2015,dimensional-value-2,460
2016,dimensional-value-1,460
2017,dimensional-value-0,460
2018,dimensional-value-8,461
2019,dimensional-value-7,461
2020,dimensional-value-6,461
2021,dimensional-value-5,461
2022,dimensional-value-4,461
2023,dimensional-value-3,461
2024,dimensional-value-2,461
2025,dimensional-value-1,461
2026,dimensional-value-0,461
2027,dimensional-value-1,463
2028,dimensional-value-0,463
2029,dimensional-value-3,477
2030,dimensional-value-0,465
2031,dimensional-value-1,465
2032,dimensional-value-2,465
2033,dimensional-value-3,465
2034,dimensional-value-4,465
2035,dimensional-value-5,465
2036,dimensional-value-5,460
2037,dimensional-value-6,465
2038,dimensional-value-0,464
2039,dimensional-value-1,464
2040,dimensional-value-2,464
2041,dimensional-value-0,477
2042,dimensional-value-1,477
2043,dimensional-value-2,477
2044,dimensional-value-7,465
2045,dimensional-value-0,502
2046,dimensional-value-6,460
2047,dimensional-value-0,459
2048,dimensional-value-4,453
2049,dimensional-value-3,453
2050,dimensional-value-2,453
2051,dimensional-value-1,453
2052,dimensional-value-0,453
2053,dimensional-value-6,454
2054,dimensional-value-5,454
2055,dimensional-value-4,454
2056,dimensional-value-3,454
2057,dimensional-value-2,454
2058,dimensional-value-1,454
2059,dimensional-value-0,454
2060,dimensional-value-2,455
2061,dimensional-value-1,455
2062,dimensional-value-0,455
2063,dimensional-value-8,456
2064,dimensional-value-7,456
2065,dimensional-value-0,458
2066,dimensional-value-1,458
2067,dimensional-value-2,458
2068,dimensional-value-3,458
2069,dimensional-value-4,458
2070,dimensional-value-0,457
2071,dimensional-value-7,460
2072,dimensional-value-1,457
2073,dimensional-value-1,456
2074,dimensional-value-2,456
2075,dimensional-value-3,456
2076,dimensional-value-4,456
2077,dimensional-value-5,456
2078,dimensional-value-6,456
2079,dimensional-value-0,456
2080,dimensional-value-7,466
2081,dimensional-value-1,502
2082,dimensional-value-1,501
2083,dimensional-value-3,412
2084,dimensional-value-2,412
2085,dimensional-value-1,412
2086,dimensional-value-0,412
2087,dimensional-value-2,414
2088,dimensional-value-1,414
2089,dimensional-value-0,414
2090,dimensional-value-8,447
2091,dimensional-value-7,447
2092,dimensional-value-6,447
2093,dimensional-value-5,447
2094,dimensional-value-4,447
2095,dimensional-value-3,447
2096,dimensional-value-2,447
2097,dimensional-value-4,412
2098,dimensional-value-1,447
2099,dimensional-value-1,478
2100,dimensional-value-0,478
2101,dimensional-value-0,448
2102,dimensional-value-0,481
2103,dimensional-value-3,482
2104,dimensional-value-2,482
2105,dimensional-value-1,482
2106,dimensional-value-0,482
2107,dimensional-value-4,483
2108,dimensional-value-3,483
2109,dimensional-value-2,483
2110,dimensional-value-1,483
2111,dimensional-value-0,483
2112,dimensional-value-0,485
2113,dimensional-value-0,447
2114,dimensional-value-5,412
2115,dimensional-value-6,412
2116,dimensional-value-7,412
2117,dimensional-value-1,403
2118,dimensional-value-0,403
2119,dimensional-value-7,404
2120,dimensional-value-6,404
2121,dimensional-value-5,404
2122,dimensional-value-4,404
2123,dimensional-value-3,404
2124,dimensional-value-2,404
2125,dimensional-value-1,404
2126,dimensional-value-0,404
2127,dimensional-value-2,405
2128,dimensional-value-1,405
2129,dimensional-value-0,405
2130,dimensional-value-1,407
2131,dimensional-value-0,407
2132,dimensional-value-2,408
2133,dimensional-value-1,408
2134,dimensional-value-8,412
2135,dimensional-value-0,411
2136,dimensional-value-1,411
2137,dimensional-value-2,411
2138,dimensional-value-3,411
2139,dimensional-value-4,411
2140,dimensional-value-1,486
2141,dimensional-value-5,411
2142,dimensional-value-1,410
2143,dimensional-value-0,409
2144,dimensional-value-1,409
2145,dimensional-value-2,409
2146,dimensional-value-3,409
2147,dimensional-value-0,408
2148,dimensional-value-0,410
2149,dimensional-value-0,486
2150,dimensional-value-0,487
2151,dimensional-value-5,488
2152,dimensional-value-2,496
2153,dimensional-value-1,496
2154,dimensional-value-0,496
2155,dimensional-value-5,497
2156,dimensional-value-4,497
2157,dimensional-value-3,497
2158,dimensional-value-2,497
2159,dimensional-value-1,497
2160,dimensional-value-0,497
2161,dimensional-value-5,498
2162,dimensional-value-4,498
2163,dimensional-value-3,498
2164,dimensional-value-2,498
2165,dimensional-value-1,498
2166,dimensional-value-0,498
2167,dimensional-value-7,499
2168,dimensional-value-6,499
2169,dimensional-value-2,501
2170,dimensional-value-0,500
2171,dimensional-value-1,500
2172,dimensional-value-2,500
2173,dimensional-value-3,500
2174,dimensional-value-4,500
2175,dimensional-value-3,496
2176,dimensional-value-5,500
2177,dimensional-value-0,499
2178,dimensional-value-1,499
2179,dimensional-value-2,499
2180,dimensional-value-3,499
2181,dimensional-value-4,499
2182,dimensional-value-5,499
2183,dimensional-value-6,500
2184,dimensional-value-0,501
2185,dimensional-value-4,496
2186,dimensional-value-6,496
2187,dimensional-value-4,488
2188,dimensional-value-3,488
2189,dimensional-value-2,488
2190,dimensional-value-1,488
2191,dimensional-value-0,488
2192,dimensional-value-0,489
2193,dimensional-value-1,490
2194,dimensional-value-0,490
2195,dimensional-value-8,491
2196,dimensional-value-7,491
2197,dimensional-value-6,491
2198,dimensional-value-5,491
2199,dimensional-value-4,491
2200,dimensional-value-3,491
2201,dimensional-value-2,491
2202,dimensional-value-1,491
2203,dimensional-value-0,491
2204,dimensional-value-7,496
2205,dimensional-value-0,509
2206,dimensional-value-0,495
2207,dimensional-value-1,495
2208,dimensional-value-2,495
2209,dimensional-value-3,495
2210,dimensional-value-5,496
2211,dimensional-value-0,493
2212,dimensional-value-2,493
2213,dimensional-value-3,493
2214,dimensional-value-4,493
2215,dimensional-value-5,493
2216,dimensional-value-0,492
2217,dimensional-value-1,492
2218,dimensional-value-1,493
2219,dimensional-value-1,510
